beat_time,elapsed
0.5,0.050770661
0.5,0.058972136
0.4875,0.04948057
0.4875,0.052465993
0.475,0.055874232
0.475,0.049157273
0.4625,0.065597571
0.4625,0.050306978
0.45,0.057213588
0.45,0.055417435
0.4375,0.052765576
0.4375,0.06352015
